image,compression,psnr,depth,gates,inner_product
camera,64,5.463461343177084,2417,2593,0.9693426162005343
